completion,alternative,independent,zero_interaction_capacity,sparse_interactive
fixed,A1,0.17708661748484236,0.12834345647265483,0.1080150113585056
fixed,A2,0.49624495322865064,0.4723925179804966,0.4585084680148037
fixed,A3,0.36253894561354366,0.33823838074006946,0.3364495818073969
fixed,A4,0.9326866357113092,0.9732188774686257,0.9761267539135031
fixed,A5,0.4035058775198754,0.40087811561539244,0.40270686161820574
fixed,A6,0.45362965506455766,0.4331348930479996,0.4265439257475047
adaptive,A1,0.17570418713964253,0.12741286830009801,0.10709546900888496
adaptive,A2,0.49456289241314316,0.4701163464276864,0.4566134544943513
adaptive,A3,0.36166209964933516,0.3378704744454782,0.33636324138994445
adaptive,A4,0.9298805386911212,0.9720249810063678,0.9750382314494107
adaptive,A5,0.40067907690190513,0.39813380541472665,0.40021158262392187
adaptive,A6,0.45400542545340017,0.43251719244386033,0.42538620751926265
